ad_id,region,percentage
408227953449054,Newfoundland and Labrador,0.000742
408227953449054,Quebec,0.99885
408227953449054,Nunavut,0.000408
408227953449054,Manitoba,0
408227953449054,Saskatchewan,0
408227953449054,Prince Edward Island,0
408227953449054,New Brunswick,0
408227953449054,Ontario,0
408227953449054,Alberta,0
408227953449054,Northwest Territories,0
408227953449054,Nova Scotia,0
408227953449054,Yukon,0
408227953449054,British Columbia,0
2508107776086370,Newfoundland and Labrador,0.000423
2508107776086370,Quebec,0.999538
2508107776086370,Nunavut,3.9E-5
2508107776086370,Manitoba,0
2508107776086370,Saskatchewan,0
2508107776086370,Prince Edward Island,0
2508107776086370,New Brunswick,0
2508107776086370,Ontario,0
2508107776086370,Alberta,0
2508107776086370,Northwest Territories,0
2508107776086370,Nova Scotia,0
2508107776086370,Yukon,0
2508107776086370,British Columbia,0
526026944900531,Ontario,1
526026944900531,Manitoba,0
526026944900531,Saskatchewan,0
526026944900531,Prince Edward Island,0
526026944900531,New Brunswick,0
526026944900531,Alberta,0
526026944900531,Newfoundland and Labrador,0
526026944900531,Northwest Territories,0
526026944900531,Nova Scotia,0
526026944900531,Yukon,0
526026944900531,British Columbia,0
526026944900531,Quebec,0
526026944900531,Nunavut,0
1005294283147677,British Columbia,0.055471
1005294283147677,Manitoba,0.114406
1005294283147677,New Brunswick,0.076649
1005294283147677,Ontario,0.753474
1005294283147677,Saskatchewan,0
1005294283147677,Prince Edward Island,0
1005294283147677,Alberta,0
1005294283147677,Northwest Territories,0
1005294283147677,Nova Scotia,0
1005294283147677,Yukon,0
1005294283147677,Newfoundland and Labrador,0
1005294283147677,Quebec,0
1005294283147677,Nunavut,0
568297073998616,Alberta,0.173389
568297073998616,British Columbia,0.134311
568297073998616,Manitoba,0.044151
568297073998616,New Brunswick,0.057594
568297073998616,Nova Scotia,0.079446
568297073998616,Ontario,0.439842
568297073998616,Prince Edward Island,0.000599
568297073998616,Saskatchewan,0.062225
568297073998616,Yukon,0.004727
568297073998616,Nunavut,0.003704
568297073998616,Quebec,1.3E-5
568297073998616,Newfoundland and Labrador,0
568297073998616,Northwest Territories,0
643931626014546,Alberta,0.150903
643931626014546,British Columbia,0.158295
643931626014546,Manitoba,0.045439
643931626014546,Nova Scotia,0.100879
643931626014546,Ontario,0.401089
643931626014546,Saskatchewan,0.069635
643931626014546,Yukon,0.006055
643931626014546,New Brunswick,0.063878
643931626014546,Prince Edward Island,0.00079
643931626014546,Quebec,6.0E-6
643931626014546,Nunavut,0.003031
643931626014546,Newfoundland and Labrador,0
643931626014546,Northwest Territories,0
779193862539728,Alberta,0.000226
779193862539728,British Columbia,0.999774
779193862539728,Manitoba,0
779193862539728,Saskatchewan,0
779193862539728,Prince Edward Island,0
779193862539728,New Brunswick,0
779193862539728,Ontario,0
779193862539728,Newfoundland and Labrador,0
779193862539728,Northwest Territories,0
779193862539728,Nova Scotia,0
779193862539728,Yukon,0
779193862539728,Quebec,0
779193862539728,Nunavut,0
2358767511107168,British Columbia,1
2358767511107168,Manitoba,0
2358767511107168,Saskatchewan,0
2358767511107168,Prince Edward Island,0
2358767511107168,New Brunswick,0
2358767511107168,Ontario,0
2358767511107168,Alberta,0
2358767511107168,Newfoundland and Labrador,0
2358767511107168,Northwest Territories,0
2358767511107168,Nova Scotia,0
2358767511107168,Yukon,0
2358767511107168,Quebec,0
2358767511107168,Nunavut,0
449068419150505,British Columbia,1
449068419150505,Manitoba,0
449068419150505,Saskatchewan,0
449068419150505,Prince Edward Island,0
449068419150505,New Brunswick,0
449068419150505,Ontario,0
449068419150505,Alberta,0
449068419150505,Newfoundland and Labrador,0
449068419150505,Northwest Territories,0
449068419150505,Nova Scotia,0
449068419150505,Yukon,0
449068419150505,Quebec,0
449068419150505,Nunavut,0
663783447437604,Alberta,0.496518
663783447437604,Manitoba,0.268741
663783447437604,Saskatchewan,0.234741
663783447437604,Prince Edward Island,0
663783447437604,New Brunswick,0
663783447437604,British Columbia,0
663783447437604,Ontario,0
663783447437604,Northwest Territories,0
663783447437604,Nova Scotia,0
663783447437604,Yukon,0
663783447437604,Newfoundland and Labrador,0
663783447437604,Quebec,0
663783447437604,Nunavut,0
751725678581441,British Columbia,1
751725678581441,Manitoba,0
751725678581441,Saskatchewan,0
751725678581441,Prince Edward Island,0
751725678581441,New Brunswick,0
751725678581441,Ontario,0
751725678581441,Alberta,0
751725678581441,Newfoundland and Labrador,0
751725678581441,Northwest Territories,0
751725678581441,Nova Scotia,0
751725678581441,Yukon,0
751725678581441,Quebec,0
751725678581441,Nunavut,0
444940019450618,Quebec,2.2E-5
444940019450618,Manitoba,0.000345
444940019450618,Ontario,0.999632
444940019450618,Saskatchewan,0
444940019450618,Prince Edward Island,0
444940019450618,New Brunswick,0
444940019450618,British Columbia,0
444940019450618,Alberta,0
444940019450618,Northwest Territories,0
444940019450618,Nova Scotia,0
444940019450618,Yukon,0
444940019450618,Newfoundland and Labrador,0
444940019450618,Nunavut,0
2655542984465367,New Brunswick,0.479977
2655542984465367,Nova Scotia,0.516421
2655542984465367,Prince Edward Island,0.003603
2655542984465367,Manitoba,0
2655542984465367,Saskatchewan,0
2655542984465367,British Columbia,0
2655542984465367,Ontario,0
2655542984465367,Alberta,0
2655542984465367,Northwest Territories,0
2655542984465367,Yukon,0
2655542984465367,Newfoundland and Labrador,0
2655542984465367,Quebec,0
2655542984465367,Nunavut,0
932627183749415,Ontario,1
932627183749415,Manitoba,0
932627183749415,Saskatchewan,0
932627183749415,Prince Edward Island,0
932627183749415,New Brunswick,0
932627183749415,Alberta,0
932627183749415,Newfoundland and Labrador,0
932627183749415,Northwest Territories,0
932627183749415,Nova Scotia,0
932627183749415,Yukon,0
932627183749415,British Columbia,0
932627183749415,Quebec,0
932627183749415,Nunavut,0
2290475941070159,Quebec,8.3E-5
2290475941070159,Prince Edward Island,0.00015
2290475941070159,Alberta,0.09711
2290475941070159,British Columbia,0.06671
2290475941070159,Manitoba,0.051993
2290475941070159,New Brunswick,0.186428
2290475941070159,Nova Scotia,0.037093
2290475941070159,Ontario,0.542303
2290475941070159,Saskatchewan,0.015333
2290475941070159,Yukon,0.001349
2290475941070159,Nunavut,0.001448
2290475941070159,Newfoundland and Labrador,0
2290475941070159,Northwest Territories,0
745275439258893,Prince Edward Island,9.0E-6
745275439258893,New Brunswick,9.0E-6
745275439258893,Newfoundland and Labrador,0.000445
745275439258893,Quebec,0.999523
745275439258893,Nunavut,1.4E-5
745275439258893,Manitoba,0
745275439258893,Saskatchewan,0
745275439258893,Ontario,0
745275439258893,Alberta,0
745275439258893,Northwest Territories,0
745275439258893,Nova Scotia,0
745275439258893,Yukon,0
745275439258893,British Columbia,0
729047437534455,New Brunswick,2.7E-5
729047437534455,Newfoundland and Labrador,0.001026
729047437534455,Ontario,8.2E-5
729047437534455,Quebec,0.997867
729047437534455,Nunavut,0.000998
729047437534455,Manitoba,0
729047437534455,Saskatchewan,0
729047437534455,Prince Edward Island,0
729047437534455,Alberta,0
729047437534455,Northwest Territories,0
729047437534455,Nova Scotia,0
729047437534455,Yukon,0
729047437534455,British Columbia,0
2494475297282310,British Columbia,1
2494475297282310,Manitoba,0
2494475297282310,Saskatchewan,0
2494475297282310,Prince Edward Island,0
2494475297282310,New Brunswick,0
2494475297282310,Ontario,0
2494475297282310,Alberta,0
2494475297282310,Newfoundland and Labrador,0
2494475297282310,Northwest Territories,0
2494475297282310,Nova Scotia,0
2494475297282310,Yukon,0
2494475297282310,Quebec,0
2494475297282310,Nunavut,0
384035465866633,British Columbia,0.005932
384035465866633,Manitoba,0.006448
384035465866633,Yukon,0.690438
384035465866633,Nunavut,0.297182
384035465866633,Saskatchewan,0
384035465866633,Prince Edward Island,0
384035465866633,New Brunswick,0
384035465866633,Ontario,0
384035465866633,Alberta,0
384035465866633,Northwest Territories,0
384035465866633,Nova Scotia,0
384035465866633,Newfoundland and Labrador,0
384035465866633,Quebec,0
499497303947161,Manitoba,1
499497303947161,Saskatchewan,0
499497303947161,Prince Edward Island,0
499497303947161,New Brunswick,0
499497303947161,Ontario,0
499497303947161,Alberta,0
499497303947161,Newfoundland and Labrador,0
499497303947161,Northwest Territories,0
499497303947161,Nova Scotia,0
499497303947161,Yukon,0
499497303947161,British Columbia,0
499497303947161,Quebec,0
499497303947161,Nunavut,0
1116983972025613,Ontario,1
1116983972025613,Manitoba,0
1116983972025613,Saskatchewan,0
1116983972025613,Prince Edward Island,0
1116983972025613,New Brunswick,0
1116983972025613,Alberta,0
1116983972025613,Newfoundland and Labrador,0
1116983972025613,Northwest Territories,0
1116983972025613,Nova Scotia,0
1116983972025613,Yukon,0
1116983972025613,British Columbia,0
1116983972025613,Quebec,0
1116983972025613,Nunavut,0
710611802685733,Unknown,0.000636
710611802685733,Quebec,0.999364
710611802685733,Manitoba,0
710611802685733,Saskatchewan,0
710611802685733,Prince Edward Island,0
710611802685733,New Brunswick,0
710611802685733,Ontario,0
710611802685733,Alberta,0
710611802685733,Newfoundland and Labrador,0
710611802685733,Northwest Territories,0
710611802685733,Nova Scotia,0
710611802685733,Yukon,0
710611802685733,British Columbia,0
710611802685733,Nunavut,0
384361582200955,Alberta,0.118141
384361582200955,British Columbia,0.148917
384361582200955,Manitoba,0.108574
384361582200955,New Brunswick,0.121119
384361582200955,Newfoundland and Labrador,0.000181
384361582200955,Nova Scotia,0.044585
384361582200955,Ontario,0.328339
384361582200955,Quebec,0.016155
384361582200955,Saskatchewan,0.113899
384361582200955,Nunavut,9.0E-5
384361582200955,Prince Edward Island,0
384361582200955,Northwest Territories,0
384361582200955,Yukon,0
501161053780414,Quebec,1
501161053780414,Manitoba,0
501161053780414,Saskatchewan,0
501161053780414,Prince Edward Island,0
501161053780414,New Brunswick,0
501161053780414,Ontario,0
501161053780414,Alberta,0
501161053780414,Newfoundland and Labrador,0
501161053780414,Northwest Territories,0
501161053780414,Nova Scotia,0
501161053780414,Yukon,0
501161053780414,British Columbia,0
501161053780414,Nunavut,0
739279486506657,Newfoundland and Labrador,0.000737
739279486506657,Quebec,0.998333
739279486506657,Nunavut,0.000914
739279486506657,New Brunswick,1.5E-5
739279486506657,Manitoba,0
739279486506657,Saskatchewan,0
739279486506657,Prince Edward Island,0
739279486506657,Ontario,0
739279486506657,Alberta,0
739279486506657,Northwest Territories,0
739279486506657,Nova Scotia,0
739279486506657,Yukon,0
739279486506657,British Columbia,0
387738945455245,New Brunswick,1.1E-5
387738945455245,Newfoundland and Labrador,0.000735
387738945455245,Quebec,0.999242
387738945455245,Nunavut,1.1E-5
387738945455245,Manitoba,0
387738945455245,Saskatchewan,0
387738945455245,Prince Edward Island,0
387738945455245,Ontario,0
387738945455245,Alberta,0
387738945455245,Northwest Territories,0
387738945455245,Nova Scotia,0
387738945455245,Yukon,0
387738945455245,British Columbia,0
395392727841743,Ontario,1
395392727841743,Manitoba,0
395392727841743,Saskatchewan,0
395392727841743,Prince Edward Island,0
395392727841743,New Brunswick,0
395392727841743,Alberta,0
395392727841743,Newfoundland and Labrador,0
395392727841743,Northwest Territories,0
395392727841743,Nova Scotia,0
395392727841743,Yukon,0
395392727841743,British Columbia,0
395392727841743,Quebec,0
395392727841743,Nunavut,0
761962707557442,Alberta,0.140882
761962707557442,British Columbia,0.171805
761962707557442,Manitoba,0.092608
761962707557442,New Brunswick,0.085528
761962707557442,Nova Scotia,0.020985
761962707557442,Ontario,0.348138
761962707557442,Quebec,0.002859
761962707557442,Saskatchewan,0.137182
761962707557442,Nunavut,1.3E-5
761962707557442,Newfoundland and Labrador,0
761962707557442,Prince Edward Island,0
761962707557442,Northwest Territories,0
761962707557442,Yukon,0
500247534096843,Nunavut,1.7E-5
500247534096843,Alberta,0.018573
500247534096843,British Columbia,0.011473
500247534096843,Manitoba,0.009295
500247534096843,New Brunswick,0.040765
500247534096843,Newfoundland and Labrador,0.000377
500247534096843,Nova Scotia,0.0006
500247534096843,Ontario,0.076796
500247534096843,Quebec,0.836066
500247534096843,Saskatchewan,0.006037
500247534096843,Prince Edward Island,0
500247534096843,Northwest Territories,0
500247534096843,Yukon,0
401555867221228,New Brunswick,1.0E-5
401555867221228,Newfoundland and Labrador,0.000241
401555867221228,Quebec,0.99973
401555867221228,Nunavut,1.9E-5
401555867221228,Manitoba,0
401555867221228,Saskatchewan,0
401555867221228,Prince Edward Island,0
401555867221228,Ontario,0
401555867221228,Alberta,0
401555867221228,Northwest Territories,0
401555867221228,Nova Scotia,0
401555867221228,Yukon,0
401555867221228,British Columbia,0
2372490472869331,Ontario,1
2372490472869331,Manitoba,0
2372490472869331,Saskatchewan,0
2372490472869331,Prince Edward Island,0
2372490472869331,New Brunswick,0
2372490472869331,Alberta,0
2372490472869331,Newfoundland and Labrador,0
2372490472869331,Northwest Territories,0
2372490472869331,Nova Scotia,0
2372490472869331,Yukon,0
2372490472869331,British Columbia,0
2372490472869331,Quebec,0
2372490472869331,Nunavut,0
756143884845573,Alberta,0.01963
756143884845573,British Columbia,0.010248
756143884845573,Manitoba,0.008246
756143884845573,New Brunswick,0.026144
756143884845573,Newfoundland and Labrador,0.000271
756143884845573,Nova Scotia,0.000496
756143884845573,Ontario,0.067913
756143884845573,Quebec,0.862451
756143884845573,Saskatchewan,0.004592
756143884845573,Nunavut,9.0E-6
756143884845573,Prince Edward Island,0
756143884845573,Northwest Territories,0
756143884845573,Yukon,0
2360334230875939,Prince Edward Island,8.0E-6
2360334230875939,Nunavut,8.0E-6
2360334230875939,Newfoundland and Labrador,8.0E-6
2360334230875939,Alberta,0.134878
2360334230875939,British Columbia,0.155415
2360334230875939,Manitoba,0.080027
2360334230875939,New Brunswick,0.059955
2360334230875939,Nova Scotia,0.014702
2360334230875939,Ontario,0.450387
2360334230875939,Quebec,0.010992
2360334230875939,Saskatchewan,0.093621
2360334230875939,Northwest Territories,0
2360334230875939,Yukon,0
355767395366676,Nunavut,0.000295
355767395366676,Alberta,0.246979
355767395366676,British Columbia,0.116711
355767395366676,Manitoba,0.055113
355767395366676,New Brunswick,0.027704
355767395366676,Newfoundland and Labrador,0.010021
355767395366676,Nova Scotia,0.032714
355767395366676,Ontario,0.35809
355767395366676,Prince Edward Island,0.007073
355767395366676,Quebec,0.03743
355767395366676,Saskatchewan,0.101385
355767395366676,Yukon,0.002358
355767395366676,Northwest Territories,0.004126
428853191064126,Alberta,0.26121
428853191064126,British Columbia,0.11952
428853191064126,Manitoba,0.050342
428853191064126,New Brunswick,0.025171
428853191064126,Newfoundland and Labrador,0.010502
428853191064126,Nova Scotia,0.029005
428853191064126,Ontario,0.355226
428853191064126,Prince Edward Island,0.006501
428853191064126,Quebec,0.036839
428853191064126,Saskatchewan,0.098683
428853191064126,Yukon,0.003667
428853191064126,Northwest Territories,0.002834
428853191064126,Nunavut,0.0005
506899243472500,Alberta,0.251516
506899243472500,British Columbia,0.123573
506899243472500,Manitoba,0.056259
506899243472500,New Brunswick,0.027282
506899243472500,Newfoundland and Labrador,0.008381
506899243472500,Nova Scotia,0.027639
506899243472500,Ontario,0.357614
506899243472500,Prince Edward Island,0.007311
506899243472500,Quebec,0.035931
506899243472500,Saskatchewan,0.09852
506899243472500,Yukon,0.002942
506899243472500,Northwest Territories,0.002229
506899243472500,Nunavut,0.000802
517013885713092,Alberta,0.252973
517013885713092,British Columbia,0.130833
517013885713092,Manitoba,0.049863
517013885713092,New Brunswick,0.02699
517013885713092,Newfoundland and Labrador,0.013266
517013885713092,Nova Scotia,0.029735
517013885713092,Ontario,0.361391
517013885713092,Prince Edward Island,0.005947
517013885713092,Quebec,0.037054
517013885713092,Saskatchewan,0.083257
517013885713092,Yukon,0.003202
517013885713092,Northwest Territories,0.004117
517013885713092,Nunavut,0.001372
2108731806100036,Nunavut,0.000467
2108731806100036,Yukon,0.000934
2108731806100036,Alberta,0.226891
2108731806100036,British Columbia,0.09944
2108731806100036,Manitoba,0.049486
2108731806100036,New Brunswick,0.028478
2108731806100036,Newfoundland and Labrador,0.012138
2108731806100036,Nova Scotia,0.037815
2108731806100036,Ontario,0.386555
2108731806100036,Prince Edward Island,0.009804
2108731806100036,Quebec,0.046218
2108731806100036,Saskatchewan,0.098506
2108731806100036,Northwest Territories,0.003268
2484963884899648,Northwest Territories,0.01061
2484963884899648,Alberta,0.249337
2484963884899648,British Columbia,0.156499
2484963884899648,Manitoba,0.039788
2484963884899648,New Brunswick,0.015915
2484963884899648,Newfoundland and Labrador,0.023873
2484963884899648,Nova Scotia,0.03183
2484963884899648,Ontario,0.310345
2484963884899648,Prince Edward Island,0.013263
2484963884899648,Quebec,0.04244
2484963884899648,Saskatchewan,0.106101
2484963884899648,Nunavut,0
2484963884899648,Yukon,0
418513698871228,Alberta,0.126852
418513698871228,British Columbia,0.1599
418513698871228,Manitoba,0.085392
418513698871228,New Brunswick,0.080602
418513698871228,Newfoundland and Labrador,0.000101
418513698871228,Nova Scotia,0.022611
418513698871228,Ontario,0.380239
418513698871228,Quebec,0.048695
418513698871228,Saskatchewan,0.095506
418513698871228,Nunavut,0.000101
418513698871228,Prince Edward Island,0
418513698871228,Northwest Territories,0
418513698871228,Yukon,0
681496319035322,Nunavut,2.1E-5
681496319035322,New Brunswick,1.0E-5
681496319035322,Newfoundland and Labrador,0.000632
681496319035322,Quebec,0.999337
681496319035322,Manitoba,0
681496319035322,Saskatchewan,0
681496319035322,Prince Edward Island,0
681496319035322,Ontario,0
681496319035322,Alberta,0
681496319035322,Northwest Territories,0
681496319035322,Nova Scotia,0
681496319035322,Yukon,0
681496319035322,British Columbia,0
313797716082146,Yukon,0.001294
313797716082146,Prince Edward Island,0.005175
313797716082146,Alberta,0.231565
313797716082146,British Columbia,0.111255
313797716082146,Manitoba,0.05304
313797716082146,New Brunswick,0.028461
313797716082146,Newfoundland and Labrador,0.010349
313797716082146,Nova Scotia,0.032342
313797716082146,Ontario,0.399741
313797716082146,Quebec,0.036223
313797716082146,Saskatchewan,0.087969
313797716082146,Northwest Territories,0.002587
313797716082146,Nunavut,0
371336920229212,Prince Edward Island,0.003992
371336920229212,Alberta,0.231537
371336920229212,British Columbia,0.139721
371336920229212,Manitoba,0.051896
371336920229212,New Brunswick,0.027944
371336920229212,Newfoundland and Labrador,0.00998
371336920229212,Nova Scotia,0.035928
371336920229212,Ontario,0.389222
371336920229212,Quebec,0.045908
371336920229212,Saskatchewan,0.05988
371336920229212,Yukon,0.001996
371336920229212,Northwest Territories,0.001996
371336920229212,Nunavut,0
397226327646945,Nunavut,0.000511
397226327646945,Alberta,0.244888
397226327646945,British Columbia,0.109918
397226327646945,Manitoba,0.069018
397226327646945,New Brunswick,0.029652
397226327646945,Newfoundland and Labrador,0.013292
397226327646945,Nova Scotia,0.029141
397226327646945,Ontario,0.341002
397226327646945,Prince Edward Island,0.008691
397226327646945,Quebec,0.03272
397226327646945,Saskatchewan,0.113497
397226327646945,Yukon,0.00409
397226327646945,Northwest Territories,0.003579
490732015099497,Northwest Territories,0.003981
490732015099497,Alberta,0.242834
490732015099497,British Columbia,0.113057
490732015099497,Manitoba,0.057325
490732015099497,New Brunswick,0.038217
490732015099497,Newfoundland and Labrador,0.008758
490732015099497,Nova Scotia,0.033439
490732015099497,Ontario,0.363057
490732015099497,Prince Edward Island,0.006369
490732015099497,Quebec,0.023089
490732015099497,Saskatchewan,0.10828
490732015099497,Yukon,0.001592
490732015099497,Nunavut,0
688617064877205,Alberta,0.251415
688617064877205,British Columbia,0.114601
688617064877205,Manitoba,0.055886
688617064877205,New Brunswick,0.027731
688617064877205,Newfoundland and Labrador,0.010328
688617064877205,Nova Scotia,0.029287
688617064877205,Ontario,0.355122
688617064877205,Prince Edward Island,0.007216
688617064877205,Quebec,0.031834
688617064877205,Saskatchewan,0.110498
688617064877205,Yukon,0.003396
688617064877205,Northwest Territories,0.002264
688617064877205,Nunavut,0.000424
756839301400220,Alberta,0.232772
756839301400220,British Columbia,0.114855
756839301400220,Manitoba,0.06585
756839301400220,New Brunswick,0.030628
756839301400220,Newfoundland and Labrador,0.012251
756839301400220,Nova Scotia,0.039816
756839301400220,Ontario,0.350689
756839301400220,Prince Edward Island,0.007657
756839301400220,Quebec,0.045942
756839301400220,Saskatchewan,0.090352
756839301400220,Yukon,0.004594
756839301400220,Northwest Territories,0.004594
756839301400220,Nunavut,0
2359089714206789,Nunavut,4.3E-5
2359089714206789,Alberta,0.006616
2359089714206789,British Columbia,0.004386
2359089714206789,Manitoba,0.003402
2359089714206789,New Brunswick,0.014447
2359089714206789,Newfoundland and Labrador,0.000738
2359089714206789,Nova Scotia,0.000174
2359089714206789,Ontario,0.01947
2359089714206789,Quebec,0.948509
2359089714206789,Saskatchewan,0.002215
2359089714206789,Prince Edward Island,0
2359089714206789,Northwest Territories,0
2359089714206789,Yukon,0
570957266769310,Alberta,0.135167
570957266769310,British Columbia,0.154908
570957266769310,Manitoba,0.102933
570957266769310,New Brunswick,0.080321
570957266769310,Newfoundland and Labrador,0.000124
570957266769310,Nova Scotia,0.022415
570957266769310,Ontario,0.335698
570957266769310,Quebec,0.038514
570957266769310,Saskatchewan,0.129738
570957266769310,Nunavut,0.000182
570957266769310,Prince Edward Island,0
570957266769310,Northwest Territories,0
570957266769310,Yukon,0
2201658969942658,Alberta,0.007361
2201658969942658,British Columbia,0.002804
2201658969942658,Manitoba,0.002314
2201658969942658,New Brunswick,0.014933
2201658969942658,Newfoundland and Labrador,0.003505
2201658969942658,Nova Scotia,0.00028
2201658969942658,Ontario,0.018999
2201658969942658,Quebec,0.946579
2201658969942658,Saskatchewan,0.003155
2201658969942658,Nunavut,7.0E-5
2201658969942658,Prince Edward Island,0
2201658969942658,Northwest Territories,0
2201658969942658,Yukon,0
369129430646308,Alberta,0.10788
369129430646308,British Columbia,0.133454
369129430646308,Manitoba,0.073181
369129430646308,New Brunswick,0.092717
369129430646308,Newfoundland and Labrador,0.000347
369129430646308,Nova Scotia,0.023561
369129430646308,Ontario,0.283285
369129430646308,Prince Edward Island,0.00118
369129430646308,Quebec,0.125438
369129430646308,Saskatchewan,0.158715
369129430646308,Nunavut,0.000243
369129430646308,Northwest Territories,0
369129430646308,Yukon,0
487148391852331,New Brunswick,0.000623
487148391852331,Newfoundland and Labrador,0.000623
487148391852331,Ontario,0.000468
487148391852331,Quebec,0.998078
487148391852331,Nunavut,0.000208
487148391852331,Manitoba,0
487148391852331,Saskatchewan,0
487148391852331,Prince Edward Island,0
487148391852331,Alberta,0
487148391852331,Northwest Territories,0
487148391852331,Nova Scotia,0
487148391852331,Yukon,0
487148391852331,British Columbia,0
333990760815172,Quebec,1
333990760815172,Manitoba,0
333990760815172,Saskatchewan,0
333990760815172,Prince Edward Island,0
333990760815172,New Brunswick,0
333990760815172,Ontario,0
333990760815172,Alberta,0
333990760815172,Newfoundland and Labrador,0
333990760815172,Northwest Territories,0
333990760815172,Nova Scotia,0
333990760815172,Yukon,0
333990760815172,British Columbia,0
333990760815172,Nunavut,0
647892808954864,Quebec,1
647892808954864,Manitoba,0
647892808954864,Saskatchewan,0
647892808954864,Prince Edward Island,0
647892808954864,New Brunswick,0
647892808954864,Ontario,0
647892808954864,Alberta,0
647892808954864,Newfoundland and Labrador,0
647892808954864,Northwest Territories,0
647892808954864,Nova Scotia,0
647892808954864,Yukon,0
647892808954864,British Columbia,0
647892808954864,Nunavut,0
406598169968984,Quebec,1
406598169968984,Manitoba,0
406598169968984,Saskatchewan,0
406598169968984,Prince Edward Island,0
406598169968984,New Brunswick,0
406598169968984,Ontario,0
406598169968984,Alberta,0
406598169968984,Newfoundland and Labrador,0
406598169968984,Northwest Territories,0
406598169968984,Nova Scotia,0
406598169968984,Yukon,0
406598169968984,British Columbia,0
406598169968984,Nunavut,0
1123246774538459,Quebec,1
1123246774538459,Manitoba,0
1123246774538459,Saskatchewan,0
1123246774538459,Prince Edward Island,0
1123246774538459,New Brunswick,0
1123246774538459,Ontario,0
1123246774538459,Alberta,0
1123246774538459,Newfoundland and Labrador,0
1123246774538459,Northwest Territories,0
1123246774538459,Nova Scotia,0
1123246774538459,Yukon,0
1123246774538459,British Columbia,0
1123246774538459,Nunavut,0
709050472877175,New Brunswick,0.001434
709050472877175,Newfoundland and Labrador,0.001374
709050472877175,Ontario,0.000239
709050472877175,Quebec,0.996954
709050472877175,Manitoba,0
709050472877175,Saskatchewan,0
709050472877175,Prince Edward Island,0
709050472877175,Alberta,0
709050472877175,Northwest Territories,0
709050472877175,Nova Scotia,0
709050472877175,Yukon,0
709050472877175,British Columbia,0
709050472877175,Nunavut,0
492821104836672,Alberta,1
492821104836672,Manitoba,0
492821104836672,Saskatchewan,0
492821104836672,Prince Edward Island,0
492821104836672,New Brunswick,0
492821104836672,Ontario,0
492821104836672,Newfoundland and Labrador,0
492821104836672,Northwest Territories,0
492821104836672,Nova Scotia,0
492821104836672,Yukon,0
492821104836672,British Columbia,0
492821104836672,Quebec,0
492821104836672,Nunavut,0
467992067353659,Alberta,0.183333
467992067353659,British Columbia,0.15
467992067353659,Manitoba,0.116667
467992067353659,New Brunswick,0.033333
467992067353659,Nova Scotia,0.016667
467992067353659,Ontario,0.483333
467992067353659,Quebec,0.016667
467992067353659,Saskatchewan,0
467992067353659,Prince Edward Island,0
467992067353659,Northwest Territories,0
467992067353659,Yukon,0
467992067353659,Newfoundland and Labrador,0
467992067353659,Nunavut,0
2468726130070218,Alberta,0.010204
2468726130070218,British Columbia,0.012472
2468726130070218,Manitoba,0.004535
2468726130070218,New Brunswick,0.020408
2468726130070218,Ontario,0.048753
2468726130070218,Quebec,0.896825
2468726130070218,Saskatchewan,0.006803
2468726130070218,Prince Edward Island,0
2468726130070218,Northwest Territories,0
2468726130070218,Nova Scotia,0
2468726130070218,Yukon,0
2468726130070218,Newfoundland and Labrador,0
2468726130070218,Nunavut,0
2395254914130845,Quebec,1
2395254914130845,Manitoba,0
2395254914130845,Saskatchewan,0
2395254914130845,Prince Edward Island,0
2395254914130845,New Brunswick,0
2395254914130845,Ontario,0
2395254914130845,Alberta,0
2395254914130845,Newfoundland and Labrador,0
2395254914130845,Northwest Territories,0
2395254914130845,Nova Scotia,0
2395254914130845,Yukon,0
2395254914130845,British Columbia,0
2395254914130845,Nunavut,0
2713491621999850,Nunavut,1
2713491621999850,Manitoba,0
2713491621999850,Saskatchewan,0
2713491621999850,Prince Edward Island,0
2713491621999850,New Brunswick,0
2713491621999850,Ontario,0
2713491621999850,Alberta,0
2713491621999850,Newfoundland and Labrador,0
2713491621999850,Northwest Territories,0
2713491621999850,Nova Scotia,0
2713491621999850,Yukon,0
2713491621999850,British Columbia,0
2713491621999850,Quebec,0
2174351019300896,Alberta,0.121762
2174351019300896,British Columbia,0.129534
2174351019300896,Manitoba,0.050518
2174351019300896,New Brunswick,0.059585
2174351019300896,Nova Scotia,0.051813
2174351019300896,Ontario,0.481865
2174351019300896,Prince Edward Island,0.012953
2174351019300896,Quebec,0.018135
2174351019300896,Saskatchewan,0.073834
2174351019300896,Newfoundland and Labrador,0
2174351019300896,Northwest Territories,0
2174351019300896,Nunavut,0
2174351019300896,Yukon,0
486634685244287,Alberta,0.008
486634685244287,British Columbia,0.008
486634685244287,Manitoba,0.012
486634685244287,New Brunswick,0.04
486634685244287,Ontario,0.132
486634685244287,Quebec,0.788
486634685244287,Saskatchewan,0.012
486634685244287,Prince Edward Island,0
486634685244287,Northwest Territories,0
486634685244287,Nova Scotia,0
486634685244287,Yukon,0
486634685244287,Newfoundland and Labrador,0
486634685244287,Nunavut,0
500983010708183,Alberta,0.096528
500983010708183,British Columbia,0.122512
500983010708183,Manitoba,0.067672
500983010708183,New Brunswick,0.095067
500983010708183,Nova Scotia,0.058854
500983010708183,Ontario,0.39011
500983010708183,Prince Edward Island,0.021634
500983010708183,Quebec,0.035087
500983010708183,Saskatchewan,0.106942
500983010708183,Yukon,0.004367
500983010708183,Northwest Territories,0.000151
500983010708183,Nunavut,0.001075
500983010708183,Newfoundland and Labrador,0
442167093288388,Nunavut,9.3E-5
442167093288388,Alberta,0.004243
442167093288388,British Columbia,0.002565
442167093288388,Manitoba,0.003311
442167093288388,New Brunswick,0.051198
442167093288388,Nova Scotia,0.001912
442167093288388,Ontario,0.042898
442167093288388,Prince Edward Island,0.000746
442167093288388,Quebec,0.890609
442167093288388,Saskatchewan,0.001819
442167093288388,Yukon,0.000606
442167093288388,Newfoundland and Labrador,0
442167093288388,Northwest Territories,0
2437591923144542,Northwest Territories,0.000385
2437591923144542,Alberta,0.136192
2437591923144542,British Columbia,0.099154
2437591923144542,Manitoba,0.078769
2437591923144542,New Brunswick,0.082615
2437591923144542,Nova Scotia,0.031538
2437591923144542,Ontario,0.383654
2437591923144542,Prince Edward Island,0.014731
2437591923144542,Quebec,0.055308
2437591923144542,Saskatchewan,0.109538
2437591923144542,Yukon,0.005154
2437591923144542,Nunavut,0.002962
2437591923144542,Newfoundland and Labrador,0
345660296150332,Yukon,0.00064
345660296150332,Alberta,0.253599
345660296150332,British Columbia,0.052303
345660296150332,Manitoba,0.055102
345660296150332,New Brunswick,0.055742
345660296150332,Newfoundland and Labrador,0.146353
345660296150332,Nova Scotia,0.03071
345660296150332,Ontario,0.193858
345660296150332,Prince Edward Island,0.012636
345660296150332,Quebec,0.069018
345660296150332,Saskatchewan,0.12492
345660296150332,Northwest Territories,0.003359
345660296150332,Nunavut,0.001759
453315735472365,Northwest Territories,0.000103
453315735472365,Yukon,0.002464
453315735472365,Alberta,0.0728
453315735472365,British Columbia,0.086559
453315735472365,New Brunswick,0.088613
453315735472365,Nova Scotia,0.030393
453315735472365,Ontario,0.324777
453315735472365,Prince Edward Island,0.014067
453315735472365,Quebec,0.233802
453315735472365,Saskatchewan,0.091282
453315735472365,Manitoba,0.05442
453315735472365,Nunavut,0.000719
453315735472365,Newfoundland and Labrador,0
1237472176431867,Nunavut,0.000121
1237472176431867,Alberta,0.083737
1237472176431867,British Columbia,0.078775
1237472176431867,Manitoba,0.053122
1237472176431867,New Brunswick,0.105155
1237472176431867,Nova Scotia,0.033882
1237472176431867,Ontario,0.285576
1237472176431867,Prince Edward Island,0.01198
1237472176431867,Quebec,0.270813
1237472176431867,Saskatchewan,0.072967
1237472176431867,Yukon,0.003872
1237472176431867,Newfoundland and Labrador,0
1237472176431867,Northwest Territories,0
347242085975432,Alberta,0.508628
347242085975432,British Columbia,0.060398
347242085975432,Manitoba,0.026991
347242085975432,New Brunswick,0.034513
347242085975432,Nova Scotia,0.013606
347242085975432,Ontario,0.128208
347242085975432,Quebec,0.065597
347242085975432,Saskatchewan,0.151991
347242085975432,Nunavut,0.000332
347242085975432,Prince Edward Island,0.006969
347242085975432,Yukon,0.002765
347242085975432,Newfoundland and Labrador,0
347242085975432,Northwest Territories,0
385958132129681,Prince Edward Island,0.000356
385958132129681,Alberta,0.012091
385958132129681,British Columbia,0.003912
385958132129681,Manitoba,0.005808
385958132129681,New Brunswick,0.021219
385958132129681,Nova Scotia,0.001304
385958132129681,Ontario,0.05678
385958132129681,Quebec,0.895567
385958132129681,Saskatchewan,0.002252
385958132129681,Yukon,0.000356
385958132129681,Nunavut,0.000356
385958132129681,Newfoundland and Labrador,0
385958132129681,Northwest Territories,0
684795515287374,Alberta,0.127649
684795515287374,British Columbia,0.106438
684795515287374,Manitoba,0.069005
684795515287374,New Brunswick,0.065153
684795515287374,Nova Scotia,0.028186
684795515287374,Ontario,0.421312
684795515287374,Prince Edward Island,0.009713
684795515287374,Quebec,0.074156
684795515287374,Saskatchewan,0.091169
684795515287374,Yukon,0.004056
684795515287374,Northwest Territories,0.000345
684795515287374,Nunavut,0.002819
684795515287374,Newfoundland and Labrador,0
2291707524231180,Northwest Territories,0.00032
2291707524231180,Alberta,0.10905
2291707524231180,British Columbia,0.102388
2291707524231180,Manitoba,0.067477
2291707524231180,New Brunswick,0.069449
2291707524231180,Nova Scotia,0.030327
2291707524231180,Ontario,0.442703
2291707524231180,Prince Edward Island,0.011992
2291707524231180,Quebec,0.080215
2291707524231180,Saskatchewan,0.077817
2291707524231180,Yukon,0.00533
2291707524231180,Nunavut,0.002931
2291707524231180,Newfoundland and Labrador,0
